UserId,FirstName,LastName,Email,Age,Type
100,First Name (100),Last Name (100),First.Last@email.100.com,53,STUDENT
101,First Name (101),Last Name (101),First.Last@email.101.com,56,STUDENT
102,First Name (102),Last Name (102),First.Last@email.102.com,65,STUDENT
103,First Name (103),Last Name (103),First.Last@email.103.com,31,STUDENT
104,First Name (104),Last Name (104),First.Last@email.104.com,22,STUDENT
105,First Name (105),Last Name (105),First.Last@email.105.com,22,STUDENT
106,First Name (106),Last Name (106),First.Last@email.106.com,52,STUDENT
107,First Name (107),Last Name (107),First.Last@email.107.com,24,STUDENT
108,First Name (108),Last Name (108),First.Last@email.108.com,46,STUDENT
109,First Name (109),Last Name (109),First.Last@email.109.com,66,STUDENT
110,First Name (110),Last Name (110),First.Last@email.110.com,37,STUDENT
111,First Name (111),Last Name (111),First.Last@email.111.com,41,STUDENT
112,First Name (112),Last Name (112),First.Last@email.112.com,35,STUDENT
113,First Name (113),Last Name (113),First.Last@email.113.com,31,STUDENT
114,First Name (114),Last Name (114),First.Last@email.114.com,30,STUDENT
115,First Name (115),Last Name (115),First.Last@email.115.com,52,STUDENT
116,First Name (116),Last Name (116),First.Last@email.116.com,60,STUDENT
117,First Name (117),Last Name (117),First.Last@email.117.com,30,STUDENT
118,First Name (118),Last Name (118),First.Last@email.118.com,64,STUDENT
119,First Name (119),Last Name (119),First.Last@email.119.com,57,STUDENT
120,First Name (120),Last Name (120),First.Last@email.120.com,44,STUDENT
121,First Name (121),Last Name (121),First.Last@email.121.com,50,STUDENT
122,First Name (122),Last Name (122),First.Last@email.122.com,28,STUDENT
123,First Name (123),Last Name (123),First.Last@email.123.com,67,STUDENT
124,First Name (124),Last Name (124),First.Last@email.124.com,42,STUDENT
125,First Name (125),Last Name (125),First.Last@email.125.com,27,STUDENT
126,First Name (126),Last Name (126),First.Last@email.126.com,66,STUDENT
127,First Name (127),Last Name (127),First.Last@email.127.com,21,STUDENT
128,First Name (128),Last Name (128),First.Last@email.128.com,55,STUDENT
129,First Name (129),Last Name (129),First.Last@email.129.com,20,STUDENT
130,First Name (130),Last Name (130),First.Last@email.130.com,23,STUDENT
131,First Name (131),Last Name (131),First.Last@email.131.com,22,STUDENT
132,First Name (132),Last Name (132),First.Last@email.132.com,18,STUDENT
133,First Name (133),Last Name (133),First.Last@email.133.com,24,STUDENT
134,First Name (134),Last Name (134),First.Last@email.134.com,31,STUDENT
135,First Name (135),Last Name (135),First.Last@email.135.com,23,STUDENT
136,First Name (136),Last Name (136),First.Last@email.136.com,57,STUDENT
137,First Name (137),Last Name (137),First.Last@email.137.com,38,STUDENT
138,First Name (138),Last Name (138),First.Last@email.138.com,43,STUDENT
139,First Name (139),Last Name (139),First.Last@email.139.com,52,STUDENT
140,First Name (140),Last Name (140),First.Last@email.140.com,33,STUDENT
141,First Name (141),Last Name (141),First.Last@email.141.com,28,STUDENT
142,First Name (142),Last Name (142),First.Last@email.142.com,45,STUDENT
143,First Name (143),Last Name (143),First.Last@email.143.com,55,STUDENT
144,First Name (144),Last Name (144),First.Last@email.144.com,45,STUDENT
145,First Name (145),Last Name (145),First.Last@email.145.com,60,STUDENT
146,First Name (146),Last Name (146),First.Last@email.146.com,38,STUDENT
147,First Name (147),Last Name (147),First.Last@email.147.com,56,STUDENT
148,First Name (148),Last Name (148),First.Last@email.148.com,18,STUDENT
149,First Name (149),Last Name (149),First.Last@email.149.com,25,STUDENT
150,First Name (150),Last Name (150),First.Last@email.150.com,20,STUDENT
151,First Name (151),Last Name (151),First.Last@email.151.com,51,STUDENT
152,First Name (152),Last Name (152),First.Last@email.152.com,44,STUDENT
153,First Name (153),Last Name (153),First.Last@email.153.com,23,STUDENT
154,First Name (154),Last Name (154),First.Last@email.154.com,54,STUDENT
155,First Name (155),Last Name (155),First.Last@email.155.com,63,STUDENT
156,First Name (156),Last Name (156),First.Last@email.156.com,26,STUDENT
157,First Name (157),Last Name (157),First.Last@email.157.com,47,STUDENT
158,First Name (158),Last Name (158),First.Last@email.158.com,22,STUDENT
159,First Name (159),Last Name (159),First.Last@email.159.com,52,STUDENT
160,First Name (160),Last Name (160),First.Last@email.160.com,18,STUDENT
161,First Name (161),Last Name (161),First.Last@email.161.com,19,STUDENT
162,First Name (162),Last Name (162),First.Last@email.162.com,54,STUDENT
163,First Name (163),Last Name (163),First.Last@email.163.com,51,STUDENT
164,First Name (164),Last Name (164),First.Last@email.164.com,66,STUDENT
165,First Name (165),Last Name (165),First.Last@email.165.com,64,STUDENT
166,First Name (166),Last Name (166),First.Last@email.166.com,26,STUDENT
167,First Name (167),Last Name (167),First.Last@email.167.com,32,STUDENT
168,First Name (168),Last Name (168),First.Last@email.168.com,33,STUDENT
169,First Name (169),Last Name (169),First.Last@email.169.com,46,STUDENT
170,First Name (170),Last Name (170),First.Last@email.170.com,27,STUDENT
171,First Name (171),Last Name (171),First.Last@email.171.com,34,STUDENT
172,First Name (172),Last Name (172),First.Last@email.172.com,33,STUDENT
173,First Name (173),Last Name (173),First.Last@email.173.com,26,STUDENT
174,First Name (174),Last Name (174),First.Last@email.174.com,40,STUDENT
175,First Name (175),Last Name (175),First.Last@email.175.com,55,STUDENT
176,First Name (176),Last Name (176),First.Last@email.176.com,60,STUDENT
177,First Name (177),Last Name (177),First.Last@email.177.com,49,STUDENT
178,First Name (178),Last Name (178),First.Last@email.178.com,19,STUDENT
179,First Name (179),Last Name (179),First.Last@email.179.com,65,STUDENT
180,First Name (180),Last Name (180),First.Last@email.180.com,56,STUDENT
181,First Name (181),Last Name (181),First.Last@email.181.com,30,STUDENT
182,First Name (182),Last Name (182),First.Last@email.182.com,59,STUDENT
183,First Name (183),Last Name (183),First.Last@email.183.com,26,STUDENT
184,First Name (184),Last Name (184),First.Last@email.184.com,53,STUDENT
185,First Name (185),Last Name (185),First.Last@email.185.com,37,STUDENT
186,First Name (186),Last Name (186),First.Last@email.186.com,47,STUDENT
187,First Name (187),Last Name (187),First.Last@email.187.com,63,STUDENT
188,First Name (188),Last Name (188),First.Last@email.188.com,27,STUDENT
189,First Name (189),Last Name (189),First.Last@email.189.com,28,STUDENT
190,First Name (190),Last Name (190),First.Last@email.190.com,35,STUDENT
191,First Name (191),Last Name (191),First.Last@email.191.com,44,STUDENT
192,First Name (192),Last Name (192),First.Last@email.192.com,42,STUDENT
193,First Name (193),Last Name (193),First.Last@email.193.com,38,STUDENT
194,First Name (194),Last Name (194),First.Last@email.194.com,21,STUDENT
195,First Name (195),Last Name (195),First.Last@email.195.com,43,STUDENT
196,First Name (196),Last Name (196),First.Last@email.196.com,19,STUDENT
197,First Name (197),Last Name (197),First.Last@email.197.com,19,STUDENT
198,First Name (198),Last Name (198),First.Last@email.198.com,54,STUDENT
199,First Name (199),Last Name (199),First.Last@email.199.com,18,STUDENT
200,First Name (200),Last Name (200),First.Last@email.200.com,42,STUDENT
201,First Name (201),Last Name (201),First.Last@email.201.com,50,STUDENT
202,First Name (202),Last Name (202),First.Last@email.202.com,62,STUDENT
203,First Name (203),Last Name (203),First.Last@email.203.com,43,STUDENT
204,First Name (204),Last Name (204),First.Last@email.204.com,62,STUDENT
205,First Name (205),Last Name (205),First.Last@email.205.com,42,STUDENT
206,First Name (206),Last Name (206),First.Last@email.206.com,26,STUDENT
207,First Name (207),Last Name (207),First.Last@email.207.com,61,STUDENT
208,First Name (208),Last Name (208),First.Last@email.208.com,21,STUDENT
209,First Name (209),Last Name (209),First.Last@email.209.com,65,STUDENT
210,First Name (210),Last Name (210),First.Last@email.210.com,35,STUDENT
211,First Name (211),Last Name (211),First.Last@email.211.com,48,STUDENT
212,First Name (212),Last Name (212),First.Last@email.212.com,19,STUDENT
213,First Name (213),Last Name (213),First.Last@email.213.com,51,STUDENT
214,First Name (214),Last Name (214),First.Last@email.214.com,25,STUDENT
215,First Name (215),Last Name (215),First.Last@email.215.com,34,STUDENT
216,First Name (216),Last Name (216),First.Last@email.216.com,45,STUDENT
217,First Name (217),Last Name (217),First.Last@email.217.com,63,STUDENT
218,First Name (218),Last Name (218),First.Last@email.218.com,18,STUDENT
219,First Name (219),Last Name (219),First.Last@email.219.com,37,STUDENT
220,First Name (220),Last Name (220),First.Last@email.220.com,26,STUDENT
221,First Name (221),Last Name (221),First.Last@email.221.com,21,STUDENT
222,First Name (222),Last Name (222),First.Last@email.222.com,58,STUDENT
223,First Name (223),Last Name (223),First.Last@email.223.com,44,STUDENT
224,First Name (224),Last Name (224),First.Last@email.224.com,34,STUDENT
225,First Name (225),Last Name (225),First.Last@email.225.com,64,STUDENT
226,First Name (226),Last Name (226),First.Last@email.226.com,39,STUDENT
227,First Name (227),Last Name (227),First.Last@email.227.com,67,STUDENT
228,First Name (228),Last Name (228),First.Last@email.228.com,52,STUDENT
229,First Name (229),Last Name (229),First.Last@email.229.com,37,STUDENT
230,First Name (230),Last Name (230),First.Last@email.230.com,46,STUDENT
231,First Name (231),Last Name (231),First.Last@email.231.com,39,STUDENT
232,First Name (232),Last Name (232),First.Last@email.232.com,18,STUDENT
233,First Name (233),Last Name (233),First.Last@email.233.com,23,STUDENT
234,First Name (234),Last Name (234),First.Last@email.234.com,63,STUDENT
235,First Name (235),Last Name (235),First.Last@email.235.com,24,STUDENT
236,First Name (236),Last Name (236),First.Last@email.236.com,32,STUDENT
237,First Name (237),Last Name (237),First.Last@email.237.com,59,STUDENT
238,First Name (238),Last Name (238),First.Last@email.238.com,34,STUDENT
239,First Name (239),Last Name (239),First.Last@email.239.com,54,STUDENT
240,First Name (240),Last Name (240),First.Last@email.240.com,56,STUDENT
241,First Name (241),Last Name (241),First.Last@email.241.com,46,STUDENT
242,First Name (242),Last Name (242),First.Last@email.242.com,29,STUDENT
243,First Name (243),Last Name (243),First.Last@email.243.com,30,STUDENT
244,First Name (244),Last Name (244),First.Last@email.244.com,31,STUDENT
245,First Name (245),Last Name (245),First.Last@email.245.com,58,STUDENT
246,First Name (246),Last Name (246),First.Last@email.246.com,47,STUDENT
247,First Name (247),Last Name (247),First.Last@email.247.com,63,STUDENT
248,First Name (248),Last Name (248),First.Last@email.248.com,60,STUDENT
249,First Name (249),Last Name (249),First.Last@email.249.com,31,STUDENT
250,First Name (250),Last Name (250),First.Last@email.250.com,62,STUDENT
251,First Name (251),Last Name (251),First.Last@email.251.com,60,STUDENT
252,First Name (252),Last Name (252),First.Last@email.252.com,41,STUDENT
253,First Name (253),Last Name (253),First.Last@email.253.com,65,STUDENT
254,First Name (254),Last Name (254),First.Last@email.254.com,19,STUDENT
255,First Name (255),Last Name (255),First.Last@email.255.com,43,STUDENT
256,First Name (256),Last Name (256),First.Last@email.256.com,25,STUDENT
257,First Name (257),Last Name (257),First.Last@email.257.com,32,STUDENT
258,First Name (258),Last Name (258),First.Last@email.258.com,25,STUDENT
259,First Name (259),Last Name (259),First.Last@email.259.com,25,STUDENT
260,First Name (260),Last Name (260),First.Last@email.260.com,67,STUDENT
261,First Name (261),Last Name (261),First.Last@email.261.com,24,STUDENT
262,First Name (262),Last Name (262),First.Last@email.262.com,25,STUDENT
263,First Name (263),Last Name (263),First.Last@email.263.com,67,STUDENT
264,First Name (264),Last Name (264),First.Last@email.264.com,51,STUDENT
265,First Name (265),Last Name (265),First.Last@email.265.com,64,STUDENT
266,First Name (266),Last Name (266),First.Last@email.266.com,59,STUDENT
267,First Name (267),Last Name (267),First.Last@email.267.com,64,STUDENT
268,First Name (268),Last Name (268),First.Last@email.268.com,56,STUDENT
269,First Name (269),Last Name (269),First.Last@email.269.com,53,STUDENT
270,First Name (270),Last Name (270),First.Last@email.270.com,45,STUDENT
271,First Name (271),Last Name (271),First.Last@email.271.com,26,STUDENT
272,First Name (272),Last Name (272),First.Last@email.272.com,60,STUDENT
273,First Name (273),Last Name (273),First.Last@email.273.com,53,STUDENT
274,First Name (274),Last Name (274),First.Last@email.274.com,64,STUDENT
275,First Name (275),Last Name (275),First.Last@email.275.com,38,STUDENT
276,First Name (276),Last Name (276),First.Last@email.276.com,38,STUDENT
277,First Name (277),Last Name (277),First.Last@email.277.com,47,STUDENT
278,First Name (278),Last Name (278),First.Last@email.278.com,63,STUDENT
279,First Name (279),Last Name (279),First.Last@email.279.com,26,STUDENT
280,First Name (280),Last Name (280),First.Last@email.280.com,58,STUDENT
281,First Name (281),Last Name (281),First.Last@email.281.com,58,STUDENT
282,First Name (282),Last Name (282),First.Last@email.282.com,53,STUDENT
283,First Name (283),Last Name (283),First.Last@email.283.com,24,STUDENT
284,First Name (284),Last Name (284),First.Last@email.284.com,66,STUDENT
285,First Name (285),Last Name (285),First.Last@email.285.com,55,STUDENT
286,First Name (286),Last Name (286),First.Last@email.286.com,46,STUDENT
287,First Name (287),Last Name (287),First.Last@email.287.com,27,STUDENT
288,First Name (288),Last Name (288),First.Last@email.288.com,20,STUDENT
289,First Name (289),Last Name (289),First.Last@email.289.com,67,STUDENT
290,First Name (290),Last Name (290),First.Last@email.290.com,59,STUDENT
291,First Name (291),Last Name (291),First.Last@email.291.com,28,STUDENT
292,First Name (292),Last Name (292),First.Last@email.292.com,56,STUDENT
293,First Name (293),Last Name (293),First.Last@email.293.com,51,STUDENT
294,First Name (294),Last Name (294),First.Last@email.294.com,23,STUDENT
295,First Name (295),Last Name (295),First.Last@email.295.com,50,STUDENT
296,First Name (296),Last Name (296),First.Last@email.296.com,49,STUDENT
297,First Name (297),Last Name (297),First.Last@email.297.com,33,STUDENT
298,First Name (298),Last Name (298),First.Last@email.298.com,27,STUDENT
299,First Name (299),Last Name (299),First.Last@email.299.com,34,STUDENT
300,First Name (300),Last Name (300),First.Last@email.300.com,64,STUDENT
301,First Name (301),Last Name (301),First.Last@email.301.com,25,STUDENT
302,First Name (302),Last Name (302),First.Last@email.302.com,51,STUDENT
303,First Name (303),Last Name (303),First.Last@email.303.com,56,STUDENT
304,First Name (304),Last Name (304),First.Last@email.304.com,20,STUDENT
305,First Name (305),Last Name (305),First.Last@email.305.com,35,STUDENT
306,First Name (306),Last Name (306),First.Last@email.306.com,50,STUDENT
307,First Name (307),Last Name (307),First.Last@email.307.com,35,STUDENT
308,First Name (308),Last Name (308),First.Last@email.308.com,36,STUDENT
309,First Name (309),Last Name (309),First.Last@email.309.com,63,STUDENT
310,First Name (310),Last Name (310),First.Last@email.310.com,62,STUDENT
311,First Name (311),Last Name (311),First.Last@email.311.com,59,STUDENT
312,First Name (312),Last Name (312),First.Last@email.312.com,54,STUDENT
313,First Name (313),Last Name (313),First.Last@email.313.com,47,STUDENT
314,First Name (314),Last Name (314),First.Last@email.314.com,36,STUDENT
315,First Name (315),Last Name (315),First.Last@email.315.com,66,STUDENT
316,First Name (316),Last Name (316),First.Last@email.316.com,51,STUDENT
317,First Name (317),Last Name (317),First.Last@email.317.com,31,STUDENT
318,First Name (318),Last Name (318),First.Last@email.318.com,42,STUDENT
319,First Name (319),Last Name (319),First.Last@email.319.com,18,STUDENT
320,First Name (320),Last Name (320),First.Last@email.320.com,22,STUDENT
321,First Name (321),Last Name (321),First.Last@email.321.com,57,STUDENT
322,First Name (322),Last Name (322),First.Last@email.322.com,37,STUDENT
323,First Name (323),Last Name (323),First.Last@email.323.com,40,STUDENT
324,First Name (324),Last Name (324),First.Last@email.324.com,58,STUDENT
325,First Name (325),Last Name (325),First.Last@email.325.com,26,STUDENT
326,First Name (326),Last Name (326),First.Last@email.326.com,18,STUDENT
327,First Name (327),Last Name (327),First.Last@email.327.com,44,STUDENT
328,First Name (328),Last Name (328),First.Last@email.328.com,49,STUDENT
329,First Name (329),Last Name (329),First.Last@email.329.com,36,STUDENT
330,First Name (330),Last Name (330),First.Last@email.330.com,34,STUDENT
331,First Name (331),Last Name (331),First.Last@email.331.com,43,STUDENT
332,First Name (332),Last Name (332),First.Last@email.332.com,18,STUDENT
333,First Name (333),Last Name (333),First.Last@email.333.com,38,STUDENT
334,First Name (334),Last Name (334),First.Last@email.334.com,64,STUDENT
335,First Name (335),Last Name (335),First.Last@email.335.com,37,STUDENT
336,First Name (336),Last Name (336),First.Last@email.336.com,57,STUDENT
337,First Name (337),Last Name (337),First.Last@email.337.com,26,STUDENT
338,First Name (338),Last Name (338),First.Last@email.338.com,42,STUDENT
339,First Name (339),Last Name (339),First.Last@email.339.com,54,STUDENT
340,First Name (340),Last Name (340),First.Last@email.340.com,59,STUDENT
341,First Name (341),Last Name (341),First.Last@email.341.com,57,STUDENT
342,First Name (342),Last Name (342),First.Last@email.342.com,46,STUDENT
343,First Name (343),Last Name (343),First.Last@email.343.com,37,STUDENT
344,First Name (344),Last Name (344),First.Last@email.344.com,65,STUDENT
345,First Name (345),Last Name (345),First.Last@email.345.com,66,STUDENT
346,First Name (346),Last Name (346),First.Last@email.346.com,26,STUDENT
347,First Name (347),Last Name (347),First.Last@email.347.com,30,STUDENT
348,First Name (348),Last Name (348),First.Last@email.348.com,44,STUDENT
349,First Name (349),Last Name (349),First.Last@email.349.com,65,STUDENT
350,First Name (350),Last Name (350),First.Last@email.350.com,57,STUDENT
351,First Name (351),Last Name (351),First.Last@email.351.com,29,STUDENT
352,First Name (352),Last Name (352),First.Last@email.352.com,27,STUDENT
353,First Name (353),Last Name (353),First.Last@email.353.com,66,STUDENT
354,First Name (354),Last Name (354),First.Last@email.354.com,66,STUDENT
355,First Name (355),Last Name (355),First.Last@email.355.com,52,STUDENT
356,First Name (356),Last Name (356),First.Last@email.356.com,29,STUDENT
357,First Name (357),Last Name (357),First.Last@email.357.com,20,STUDENT
358,First Name (358),Last Name (358),First.Last@email.358.com,67,STUDENT
359,First Name (359),Last Name (359),First.Last@email.359.com,43,STUDENT
360,First Name (360),Last Name (360),First.Last@email.360.com,33,STUDENT
361,First Name (361),Last Name (361),First.Last@email.361.com,52,STUDENT
362,First Name (362),Last Name (362),First.Last@email.362.com,34,STUDENT
363,First Name (363),Last Name (363),First.Last@email.363.com,38,STUDENT
364,First Name (364),Last Name (364),First.Last@email.364.com,19,STUDENT
365,First Name (365),Last Name (365),First.Last@email.365.com,33,STUDENT
366,First Name (366),Last Name (366),First.Last@email.366.com,66,STUDENT
367,First Name (367),Last Name (367),First.Last@email.367.com,35,STUDENT
368,First Name (368),Last Name (368),First.Last@email.368.com,54,STUDENT
369,First Name (369),Last Name (369),First.Last@email.369.com,67,STUDENT
370,First Name (370),Last Name (370),First.Last@email.370.com,21,STUDENT
371,First Name (371),Last Name (371),First.Last@email.371.com,60,STUDENT
372,First Name (372),Last Name (372),First.Last@email.372.com,38,STUDENT
373,First Name (373),Last Name (373),First.Last@email.373.com,19,STUDENT
374,First Name (374),Last Name (374),First.Last@email.374.com,21,STUDENT
375,First Name (375),Last Name (375),First.Last@email.375.com,28,STUDENT
376,First Name (376),Last Name (376),First.Last@email.376.com,23,STUDENT
377,First Name (377),Last Name (377),First.Last@email.377.com,21,STUDENT
378,First Name (378),Last Name (378),First.Last@email.378.com,60,STUDENT
379,First Name (379),Last Name (379),First.Last@email.379.com,47,STUDENT
380,First Name (380),Last Name (380),First.Last@email.380.com,24,STUDENT
381,First Name (381),Last Name (381),First.Last@email.381.com,21,STUDENT
382,First Name (382),Last Name (382),First.Last@email.382.com,36,STUDENT
383,First Name (383),Last Name (383),First.Last@email.383.com,39,STUDENT
384,First Name (384),Last Name (384),First.Last@email.384.com,26,STUDENT
385,First Name (385),Last Name (385),First.Last@email.385.com,21,STUDENT
386,First Name (386),Last Name (386),First.Last@email.386.com,53,STUDENT
387,First Name (387),Last Name (387),First.Last@email.387.com,47,STUDENT
388,First Name (388),Last Name (388),First.Last@email.388.com,54,STUDENT
389,First Name (389),Last Name (389),First.Last@email.389.com,26,STUDENT
390,First Name (390),Last Name (390),First.Last@email.390.com,59,STUDENT
391,First Name (391),Last Name (391),First.Last@email.391.com,26,STUDENT
392,First Name (392),Last Name (392),First.Last@email.392.com,32,STUDENT
393,First Name (393),Last Name (393),First.Last@email.393.com,46,STUDENT
394,First Name (394),Last Name (394),First.Last@email.394.com,54,STUDENT
395,First Name (395),Last Name (395),First.Last@email.395.com,39,STUDENT
396,First Name (396),Last Name (396),First.Last@email.396.com,44,STUDENT
397,First Name (397),Last Name (397),First.Last@email.397.com,57,STUDENT
398,First Name (398),Last Name (398),First.Last@email.398.com,31,STUDENT
399,First Name (399),Last Name (399),First.Last@email.399.com,49,STUDENT
400,First Name (400),Last Name (400),First.Last@email.400.com,62,STUDENT
401,First Name (401),Last Name (401),First.Last@email.401.com,28,STUDENT
402,First Name (402),Last Name (402),First.Last@email.402.com,63,STUDENT
403,First Name (403),Last Name (403),First.Last@email.403.com,22,STUDENT
404,First Name (404),Last Name (404),First.Last@email.404.com,35,STUDENT
405,First Name (405),Last Name (405),First.Last@email.405.com,23,STUDENT
406,First Name (406),Last Name (406),First.Last@email.406.com,39,STUDENT
407,First Name (407),Last Name (407),First.Last@email.407.com,38,STUDENT
408,First Name (408),Last Name (408),First.Last@email.408.com,62,STUDENT
409,First Name (409),Last Name (409),First.Last@email.409.com,31,STUDENT
410,First Name (410),Last Name (410),First.Last@email.410.com,63,STUDENT
411,First Name (411),Last Name (411),First.Last@email.411.com,42,STUDENT
412,First Name (412),Last Name (412),First.Last@email.412.com,47,STUDENT
413,First Name (413),Last Name (413),First.Last@email.413.com,51,STUDENT
414,First Name (414),Last Name (414),First.Last@email.414.com,31,STUDENT
415,First Name (415),Last Name (415),First.Last@email.415.com,26,STUDENT
416,First Name (416),Last Name (416),First.Last@email.416.com,24,STUDENT
417,First Name (417),Last Name (417),First.Last@email.417.com,34,STUDENT
418,First Name (418),Last Name (418),First.Last@email.418.com,41,STUDENT
419,First Name (419),Last Name (419),First.Last@email.419.com,24,STUDENT
420,First Name (420),Last Name (420),First.Last@email.420.com,34,STUDENT
421,First Name (421),Last Name (421),First.Last@email.421.com,46,STUDENT
422,First Name (422),Last Name (422),First.Last@email.422.com,66,STUDENT
423,First Name (423),Last Name (423),First.Last@email.423.com,49,STUDENT
424,First Name (424),Last Name (424),First.Last@email.424.com,31,STUDENT
425,First Name (425),Last Name (425),First.Last@email.425.com,21,STUDENT
426,First Name (426),Last Name (426),First.Last@email.426.com,37,STUDENT
427,First Name (427),Last Name (427),First.Last@email.427.com,57,STUDENT
428,First Name (428),Last Name (428),First.Last@email.428.com,27,STUDENT
429,First Name (429),Last Name (429),First.Last@email.429.com,67,STUDENT
430,First Name (430),Last Name (430),First.Last@email.430.com,20,STUDENT
431,First Name (431),Last Name (431),First.Last@email.431.com,45,STUDENT
432,First Name (432),Last Name (432),First.Last@email.432.com,31,STUDENT
433,First Name (433),Last Name (433),First.Last@email.433.com,37,STUDENT
434,First Name (434),Last Name (434),First.Last@email.434.com,27,STUDENT
435,First Name (435),Last Name (435),First.Last@email.435.com,57,STUDENT
436,First Name (436),Last Name (436),First.Last@email.436.com,34,STUDENT
437,First Name (437),Last Name (437),First.Last@email.437.com,20,STUDENT
438,First Name (438),Last Name (438),First.Last@email.438.com,38,STUDENT
439,First Name (439),Last Name (439),First.Last@email.439.com,62,STUDENT
440,First Name (440),Last Name (440),First.Last@email.440.com,23,STUDENT
441,First Name (441),Last Name (441),First.Last@email.441.com,45,STUDENT
442,First Name (442),Last Name (442),First.Last@email.442.com,41,STUDENT
443,First Name (443),Last Name (443),First.Last@email.443.com,66,STUDENT
444,First Name (444),Last Name (444),First.Last@email.444.com,28,STUDENT
445,First Name (445),Last Name (445),First.Last@email.445.com,67,STUDENT
446,First Name (446),Last Name (446),First.Last@email.446.com,54,STUDENT
447,First Name (447),Last Name (447),First.Last@email.447.com,32,STUDENT
448,First Name (448),Last Name (448),First.Last@email.448.com,36,STUDENT
449,First Name (449),Last Name (449),First.Last@email.449.com,30,STUDENT
450,First Name (450),Last Name (450),First.Last@email.450.com,21,STUDENT
451,First Name (451),Last Name (451),First.Last@email.451.com,35,STUDENT
452,First Name (452),Last Name (452),First.Last@email.452.com,31,STUDENT
453,First Name (453),Last Name (453),First.Last@email.453.com,38,STUDENT
454,First Name (454),Last Name (454),First.Last@email.454.com,67,STUDENT
455,First Name (455),Last Name (455),First.Last@email.455.com,67,STUDENT
456,First Name (456),Last Name (456),First.Last@email.456.com,23,STUDENT
457,First Name (457),Last Name (457),First.Last@email.457.com,65,STUDENT
458,First Name (458),Last Name (458),First.Last@email.458.com,27,STUDENT
459,First Name (459),Last Name (459),First.Last@email.459.com,52,STUDENT
460,First Name (460),Last Name (460),First.Last@email.460.com,33,STUDENT
461,First Name (461),Last Name (461),First.Last@email.461.com,41,STUDENT
462,First Name (462),Last Name (462),First.Last@email.462.com,25,STUDENT
463,First Name (463),Last Name (463),First.Last@email.463.com,29,STUDENT
464,First Name (464),Last Name (464),First.Last@email.464.com,30,STUDENT
465,First Name (465),Last Name (465),First.Last@email.465.com,50,STUDENT
466,First Name (466),Last Name (466),First.Last@email.466.com,36,STUDENT
467,First Name (467),Last Name (467),First.Last@email.467.com,43,STUDENT
468,First Name (468),Last Name (468),First.Last@email.468.com,23,STUDENT
469,First Name (469),Last Name (469),First.Last@email.469.com,37,STUDENT
470,First Name (470),Last Name (470),First.Last@email.470.com,37,STUDENT
471,First Name (471),Last Name (471),First.Last@email.471.com,18,STUDENT
472,First Name (472),Last Name (472),First.Last@email.472.com,24,STUDENT
473,First Name (473),Last Name (473),First.Last@email.473.com,43,STUDENT
474,First Name (474),Last Name (474),First.Last@email.474.com,50,STUDENT
475,First Name (475),Last Name (475),First.Last@email.475.com,40,STUDENT
476,First Name (476),Last Name (476),First.Last@email.476.com,33,STUDENT
477,First Name (477),Last Name (477),First.Last@email.477.com,45,STUDENT
478,First Name (478),Last Name (478),First.Last@email.478.com,55,STUDENT
479,First Name (479),Last Name (479),First.Last@email.479.com,49,STUDENT
480,First Name (480),Last Name (480),First.Last@email.480.com,39,STUDENT
481,First Name (481),Last Name (481),First.Last@email.481.com,24,STUDENT
482,First Name (482),Last Name (482),First.Last@email.482.com,21,STUDENT
483,First Name (483),Last Name (483),First.Last@email.483.com,62,STUDENT
484,First Name (484),Last Name (484),First.Last@email.484.com,47,STUDENT
485,First Name (485),Last Name (485),First.Last@email.485.com,24,STUDENT
486,First Name (486),Last Name (486),First.Last@email.486.com,67,STUDENT
487,First Name (487),Last Name (487),First.Last@email.487.com,36,STUDENT
488,First Name (488),Last Name (488),First.Last@email.488.com,65,STUDENT
489,First Name (489),Last Name (489),First.Last@email.489.com,46,STUDENT
490,First Name (490),Last Name (490),First.Last@email.490.com,65,STUDENT
491,First Name (491),Last Name (491),First.Last@email.491.com,31,STUDENT
492,First Name (492),Last Name (492),First.Last@email.492.com,52,STUDENT
493,First Name (493),Last Name (493),First.Last@email.493.com,25,STUDENT
494,First Name (494),Last Name (494),First.Last@email.494.com,42,STUDENT
495,First Name (495),Last Name (495),First.Last@email.495.com,37,STUDENT
496,First Name (496),Last Name (496),First.Last@email.496.com,28,STUDENT
497,First Name (497),Last Name (497),First.Last@email.497.com,57,STUDENT
498,First Name (498),Last Name (498),First.Last@email.498.com,22,STUDENT
499,First Name (499),Last Name (499),First.Last@email.499.com,41,STUDENT
500,First Name (500),Last Name (500),First.Last@email.500.com,22,STUDENT
501,First Name (501),Last Name (501),First.Last@email.501.com,54,STUDENT
502,First Name (502),Last Name (502),First.Last@email.502.com,51,STUDENT
503,First Name (503),Last Name (503),First.Last@email.503.com,41,STUDENT
504,First Name (504),Last Name (504),First.Last@email.504.com,47,STUDENT
505,First Name (505),Last Name (505),First.Last@email.505.com,58,STUDENT
506,First Name (506),Last Name (506),First.Last@email.506.com,29,STUDENT
507,First Name (507),Last Name (507),First.Last@email.507.com,41,STUDENT
508,First Name (508),Last Name (508),First.Last@email.508.com,26,STUDENT
509,First Name (509),Last Name (509),First.Last@email.509.com,22,STUDENT
510,First Name (510),Last Name (510),First.Last@email.510.com,26,STUDENT
511,First Name (511),Last Name (511),First.Last@email.511.com,42,STUDENT
512,First Name (512),Last Name (512),First.Last@email.512.com,45,STUDENT
513,First Name (513),Last Name (513),First.Last@email.513.com,18,STUDENT
514,First Name (514),Last Name (514),First.Last@email.514.com,43,STUDENT
515,First Name (515),Last Name (515),First.Last@email.515.com,58,STUDENT
516,First Name (516),Last Name (516),First.Last@email.516.com,41,STUDENT
517,First Name (517),Last Name (517),First.Last@email.517.com,57,STUDENT
518,First Name (518),Last Name (518),First.Last@email.518.com,29,STUDENT
519,First Name (519),Last Name (519),First.Last@email.519.com,51,STUDENT
520,First Name (520),Last Name (520),First.Last@email.520.com,19,STUDENT
521,First Name (521),Last Name (521),First.Last@email.521.com,27,STUDENT
522,First Name (522),Last Name (522),First.Last@email.522.com,22,STUDENT
523,First Name (523),Last Name (523),First.Last@email.523.com,66,STUDENT
524,First Name (524),Last Name (524),First.Last@email.524.com,61,STUDENT
525,First Name (525),Last Name (525),First.Last@email.525.com,29,STUDENT
526,First Name (526),Last Name (526),First.Last@email.526.com,58,STUDENT
527,First Name (527),Last Name (527),First.Last@email.527.com,22,STUDENT
528,First Name (528),Last Name (528),First.Last@email.528.com,24,STUDENT
529,First Name (529),Last Name (529),First.Last@email.529.com,62,STUDENT
530,First Name (530),Last Name (530),First.Last@email.530.com,30,STUDENT
531,First Name (531),Last Name (531),First.Last@email.531.com,41,STUDENT
532,First Name (532),Last Name (532),First.Last@email.532.com,46,STUDENT
533,First Name (533),Last Name (533),First.Last@email.533.com,67,STUDENT
534,First Name (534),Last Name (534),First.Last@email.534.com,32,STUDENT
535,First Name (535),Last Name (535),First.Last@email.535.com,62,STUDENT
536,First Name (536),Last Name (536),First.Last@email.536.com,63,STUDENT
537,First Name (537),Last Name (537),First.Last@email.537.com,23,STUDENT
538,First Name (538),Last Name (538),First.Last@email.538.com,43,STUDENT
539,First Name (539),Last Name (539),First.Last@email.539.com,46,STUDENT
540,First Name (540),Last Name (540),First.Last@email.540.com,61,STUDENT
541,First Name (541),Last Name (541),First.Last@email.541.com,52,STUDENT
542,First Name (542),Last Name (542),First.Last@email.542.com,26,STUDENT
543,First Name (543),Last Name (543),First.Last@email.543.com,31,STUDENT
544,First Name (544),Last Name (544),First.Last@email.544.com,41,STUDENT
545,First Name (545),Last Name (545),First.Last@email.545.com,55,STUDENT
546,First Name (546),Last Name (546),First.Last@email.546.com,36,STUDENT
547,First Name (547),Last Name (547),First.Last@email.547.com,46,STUDENT
548,First Name (548),Last Name (548),First.Last@email.548.com,27,STUDENT
549,First Name (549),Last Name (549),First.Last@email.549.com,65,STUDENT
550,First Name (550),Last Name (550),First.Last@email.550.com,21,STUDENT
551,First Name (551),Last Name (551),First.Last@email.551.com,64,STUDENT
552,First Name (552),Last Name (552),First.Last@email.552.com,54,STUDENT
553,First Name (553),Last Name (553),First.Last@email.553.com,43,STUDENT
554,First Name (554),Last Name (554),First.Last@email.554.com,38,STUDENT
555,First Name (555),Last Name (555),First.Last@email.555.com,18,STUDENT
556,First Name (556),Last Name (556),First.Last@email.556.com,42,STUDENT
557,First Name (557),Last Name (557),First.Last@email.557.com,65,STUDENT
558,First Name (558),Last Name (558),First.Last@email.558.com,35,STUDENT
559,First Name (559),Last Name (559),First.Last@email.559.com,62,STUDENT
560,First Name (560),Last Name (560),First.Last@email.560.com,49,STUDENT
561,First Name (561),Last Name (561),First.Last@email.561.com,30,STUDENT
562,First Name (562),Last Name (562),First.Last@email.562.com,59,STUDENT
563,First Name (563),Last Name (563),First.Last@email.563.com,32,STUDENT
564,First Name (564),Last Name (564),First.Last@email.564.com,35,STUDENT
565,First Name (565),Last Name (565),First.Last@email.565.com,18,STUDENT
566,First Name (566),Last Name (566),First.Last@email.566.com,40,STUDENT
567,First Name (567),Last Name (567),First.Last@email.567.com,23,STUDENT
568,First Name (568),Last Name (568),First.Last@email.568.com,42,STUDENT
569,First Name (569),Last Name (569),First.Last@email.569.com,54,STUDENT
570,First Name (570),Last Name (570),First.Last@email.570.com,27,STUDENT
571,First Name (571),Last Name (571),First.Last@email.571.com,58,STUDENT
572,First Name (572),Last Name (572),First.Last@email.572.com,63,STUDENT
573,First Name (573),Last Name (573),First.Last@email.573.com,19,STUDENT
574,First Name (574),Last Name (574),First.Last@email.574.com,48,STUDENT
575,First Name (575),Last Name (575),First.Last@email.575.com,35,STUDENT
576,First Name (576),Last Name (576),First.Last@email.576.com,44,STUDENT
577,First Name (577),Last Name (577),First.Last@email.577.com,29,STUDENT
578,First Name (578),Last Name (578),First.Last@email.578.com,37,STUDENT
579,First Name (579),Last Name (579),First.Last@email.579.com,58,STUDENT
580,First Name (580),Last Name (580),First.Last@email.580.com,51,STUDENT
581,First Name (581),Last Name (581),First.Last@email.581.com,36,STUDENT
582,First Name (582),Last Name (582),First.Last@email.582.com,61,STUDENT
583,First Name (583),Last Name (583),First.Last@email.583.com,39,STUDENT
584,First Name (584),Last Name (584),First.Last@email.584.com,43,STUDENT
585,First Name (585),Last Name (585),First.Last@email.585.com,62,STUDENT
586,First Name (586),Last Name (586),First.Last@email.586.com,62,STUDENT
587,First Name (587),Last Name (587),First.Last@email.587.com,33,STUDENT
588,First Name (588),Last Name (588),First.Last@email.588.com,18,STUDENT
589,First Name (589),Last Name (589),First.Last@email.589.com,31,STUDENT
590,First Name (590),Last Name (590),First.Last@email.590.com,46,STUDENT
591,First Name (591),Last Name (591),First.Last@email.591.com,46,STUDENT
592,First Name (592),Last Name (592),First.Last@email.592.com,39,STUDENT
593,First Name (593),Last Name (593),First.Last@email.593.com,52,STUDENT
594,First Name (594),Last Name (594),First.Last@email.594.com,36,STUDENT
595,First Name (595),Last Name (595),First.Last@email.595.com,22,STUDENT
596,First Name (596),Last Name (596),First.Last@email.596.com,51,STUDENT
597,First Name (597),Last Name (597),First.Last@email.597.com,40,STUDENT
598,First Name (598),Last Name (598),First.Last@email.598.com,65,STUDENT
599,First Name (599),Last Name (599),First.Last@email.599.com,23,STUDENT
600,First Name (600),Last Name (600),First.Last@email.600.com,57,STUDENT
601,First Name (601),Last Name (601),First.Last@email.601.com,55,STUDENT
602,First Name (602),Last Name (602),First.Last@email.602.com,62,STUDENT
603,First Name (603),Last Name (603),First.Last@email.603.com,56,STUDENT
604,First Name (604),Last Name (604),First.Last@email.604.com,43,STUDENT
605,First Name (605),Last Name (605),First.Last@email.605.com,60,STUDENT
606,First Name (606),Last Name (606),First.Last@email.606.com,44,STUDENT
607,First Name (607),Last Name (607),First.Last@email.607.com,40,STUDENT
608,First Name (608),Last Name (608),First.Last@email.608.com,25,STUDENT
609,First Name (609),Last Name (609),First.Last@email.609.com,59,STUDENT
610,First Name (610),Last Name (610),First.Last@email.610.com,59,STUDENT
611,First Name (611),Last Name (611),First.Last@email.611.com,48,STUDENT
612,First Name (612),Last Name (612),First.Last@email.612.com,55,STUDENT
613,First Name (613),Last Name (613),First.Last@email.613.com,36,STUDENT
614,First Name (614),Last Name (614),First.Last@email.614.com,33,STUDENT
615,First Name (615),Last Name (615),First.Last@email.615.com,42,STUDENT
616,First Name (616),Last Name (616),First.Last@email.616.com,52,STUDENT
617,First Name (617),Last Name (617),First.Last@email.617.com,24,STUDENT
618,First Name (618),Last Name (618),First.Last@email.618.com,35,STUDENT
619,First Name (619),Last Name (619),First.Last@email.619.com,34,STUDENT
620,First Name (620),Last Name (620),First.Last@email.620.com,48,STUDENT
621,First Name (621),Last Name (621),First.Last@email.621.com,27,STUDENT
622,First Name (622),Last Name (622),First.Last@email.622.com,27,STUDENT
623,First Name (623),Last Name (623),First.Last@email.623.com,56,STUDENT
624,First Name (624),Last Name (624),First.Last@email.624.com,45,STUDENT
625,First Name (625),Last Name (625),First.Last@email.625.com,49,STUDENT
626,First Name (626),Last Name (626),First.Last@email.626.com,27,STUDENT
627,First Name (627),Last Name (627),First.Last@email.627.com,38,STUDENT
628,First Name (628),Last Name (628),First.Last@email.628.com,44,STUDENT
629,First Name (629),Last Name (629),First.Last@email.629.com,58,STUDENT
630,First Name (630),Last Name (630),First.Last@email.630.com,37,STUDENT
631,First Name (631),Last Name (631),First.Last@email.631.com,67,STUDENT
632,First Name (632),Last Name (632),First.Last@email.632.com,52,STUDENT
633,First Name (633),Last Name (633),First.Last@email.633.com,61,STUDENT
634,First Name (634),Last Name (634),First.Last@email.634.com,44,STUDENT
635,First Name (635),Last Name (635),First.Last@email.635.com,57,STUDENT
636,First Name (636),Last Name (636),First.Last@email.636.com,27,STUDENT
637,First Name (637),Last Name (637),First.Last@email.637.com,33,STUDENT
638,First Name (638),Last Name (638),First.Last@email.638.com,57,STUDENT
639,First Name (639),Last Name (639),First.Last@email.639.com,51,STUDENT
640,First Name (640),Last Name (640),First.Last@email.640.com,43,STUDENT
641,First Name (641),Last Name (641),First.Last@email.641.com,18,STUDENT
642,First Name (642),Last Name (642),First.Last@email.642.com,31,STUDENT
643,First Name (643),Last Name (643),First.Last@email.643.com,51,STUDENT
644,First Name (644),Last Name (644),First.Last@email.644.com,63,STUDENT
645,First Name (645),Last Name (645),First.Last@email.645.com,27,STUDENT
646,First Name (646),Last Name (646),First.Last@email.646.com,50,STUDENT
647,First Name (647),Last Name (647),First.Last@email.647.com,51,STUDENT
648,First Name (648),Last Name (648),First.Last@email.648.com,34,STUDENT
649,First Name (649),Last Name (649),First.Last@email.649.com,49,STUDENT
650,First Name (650),Last Name (650),First.Last@email.650.com,27,STUDENT
651,First Name (651),Last Name (651),First.Last@email.651.com,37,STUDENT
652,First Name (652),Last Name (652),First.Last@email.652.com,48,STUDENT
653,First Name (653),Last Name (653),First.Last@email.653.com,39,STUDENT
654,First Name (654),Last Name (654),First.Last@email.654.com,46,STUDENT
655,First Name (655),Last Name (655),First.Last@email.655.com,67,STUDENT
656,First Name (656),Last Name (656),First.Last@email.656.com,24,STUDENT
657,First Name (657),Last Name (657),First.Last@email.657.com,21,STUDENT
658,First Name (658),Last Name (658),First.Last@email.658.com,45,STUDENT
659,First Name (659),Last Name (659),First.Last@email.659.com,43,STUDENT
660,First Name (660),Last Name (660),First.Last@email.660.com,46,STUDENT
661,First Name (661),Last Name (661),First.Last@email.661.com,30,STUDENT
662,First Name (662),Last Name (662),First.Last@email.662.com,55,STUDENT
663,First Name (663),Last Name (663),First.Last@email.663.com,37,STUDENT
664,First Name (664),Last Name (664),First.Last@email.664.com,34,STUDENT
665,First Name (665),Last Name (665),First.Last@email.665.com,45,STUDENT
666,First Name (666),Last Name (666),First.Last@email.666.com,27,STUDENT
667,First Name (667),Last Name (667),First.Last@email.667.com,20,STUDENT
668,First Name (668),Last Name (668),First.Last@email.668.com,63,STUDENT
669,First Name (669),Last Name (669),First.Last@email.669.com,62,STUDENT
670,First Name (670),Last Name (670),First.Last@email.670.com,44,STUDENT
671,First Name (671),Last Name (671),First.Last@email.671.com,64,STUDENT
672,First Name (672),Last Name (672),First.Last@email.672.com,58,STUDENT
673,First Name (673),Last Name (673),First.Last@email.673.com,26,STUDENT
674,First Name (674),Last Name (674),First.Last@email.674.com,19,STUDENT
675,First Name (675),Last Name (675),First.Last@email.675.com,36,STUDENT
676,First Name (676),Last Name (676),First.Last@email.676.com,21,STUDENT
677,First Name (677),Last Name (677),First.Last@email.677.com,55,STUDENT
678,First Name (678),Last Name (678),First.Last@email.678.com,36,STUDENT
679,First Name (679),Last Name (679),First.Last@email.679.com,64,STUDENT
680,First Name (680),Last Name (680),First.Last@email.680.com,63,STUDENT
681,First Name (681),Last Name (681),First.Last@email.681.com,51,STUDENT
682,First Name (682),Last Name (682),First.Last@email.682.com,27,STUDENT
683,First Name (683),Last Name (683),First.Last@email.683.com,19,STUDENT
684,First Name (684),Last Name (684),First.Last@email.684.com,52,STUDENT
685,First Name (685),Last Name (685),First.Last@email.685.com,42,STUDENT
686,First Name (686),Last Name (686),First.Last@email.686.com,35,STUDENT
687,First Name (687),Last Name (687),First.Last@email.687.com,67,STUDENT
688,First Name (688),Last Name (688),First.Last@email.688.com,59,STUDENT
689,First Name (689),Last Name (689),First.Last@email.689.com,48,STUDENT
690,First Name (690),Last Name (690),First.Last@email.690.com,54,STUDENT
691,First Name (691),Last Name (691),First.Last@email.691.com,66,STUDENT
692,First Name (692),Last Name (692),First.Last@email.692.com,18,STUDENT
693,First Name (693),Last Name (693),First.Last@email.693.com,34,STUDENT
694,First Name (694),Last Name (694),First.Last@email.694.com,25,STUDENT
695,First Name (695),Last Name (695),First.Last@email.695.com,51,STUDENT
696,First Name (696),Last Name (696),First.Last@email.696.com,48,STUDENT
697,First Name (697),Last Name (697),First.Last@email.697.com,61,STUDENT
698,First Name (698),Last Name (698),First.Last@email.698.com,24,STUDENT
699,First Name (699),Last Name (699),First.Last@email.699.com,61,STUDENT
700,First Name (700),Last Name (700),First.Last@email.700.com,59,STUDENT
701,First Name (701),Last Name (701),First.Last@email.701.com,59,STUDENT
702,First Name (702),Last Name (702),First.Last@email.702.com,56,STUDENT
703,First Name (703),Last Name (703),First.Last@email.703.com,25,STUDENT
704,First Name (704),Last Name (704),First.Last@email.704.com,43,STUDENT
705,First Name (705),Last Name (705),First.Last@email.705.com,53,STUDENT
706,First Name (706),Last Name (706),First.Last@email.706.com,52,STUDENT
707,First Name (707),Last Name (707),First.Last@email.707.com,42,STUDENT
708,First Name (708),Last Name (708),First.Last@email.708.com,39,STUDENT
709,First Name (709),Last Name (709),First.Last@email.709.com,43,STUDENT
710,First Name (710),Last Name (710),First.Last@email.710.com,55,STUDENT
711,First Name (711),Last Name (711),First.Last@email.711.com,31,STUDENT
712,First Name (712),Last Name (712),First.Last@email.712.com,22,STUDENT
713,First Name (713),Last Name (713),First.Last@email.713.com,28,STUDENT
714,First Name (714),Last Name (714),First.Last@email.714.com,20,STUDENT
715,First Name (715),Last Name (715),First.Last@email.715.com,59,STUDENT
716,First Name (716),Last Name (716),First.Last@email.716.com,61,STUDENT
717,First Name (717),Last Name (717),First.Last@email.717.com,63,STUDENT
718,First Name (718),Last Name (718),First.Last@email.718.com,42,STUDENT
719,First Name (719),Last Name (719),First.Last@email.719.com,46,STUDENT
720,First Name (720),Last Name (720),First.Last@email.720.com,41,STUDENT
721,First Name (721),Last Name (721),First.Last@email.721.com,44,STUDENT
722,First Name (722),Last Name (722),First.Last@email.722.com,23,STUDENT
723,First Name (723),Last Name (723),First.Last@email.723.com,48,STUDENT
724,First Name (724),Last Name (724),First.Last@email.724.com,40,STUDENT
725,First Name (725),Last Name (725),First.Last@email.725.com,22,STUDENT
726,First Name (726),Last Name (726),First.Last@email.726.com,44,STUDENT
727,First Name (727),Last Name (727),First.Last@email.727.com,20,STUDENT
728,First Name (728),Last Name (728),First.Last@email.728.com,34,STUDENT
729,First Name (729),Last Name (729),First.Last@email.729.com,26,STUDENT
730,First Name (730),Last Name (730),First.Last@email.730.com,65,STUDENT
731,First Name (731),Last Name (731),First.Last@email.731.com,43,STUDENT
732,First Name (732),Last Name (732),First.Last@email.732.com,39,STUDENT
733,First Name (733),Last Name (733),First.Last@email.733.com,38,STUDENT
734,First Name (734),Last Name (734),First.Last@email.734.com,27,STUDENT
735,First Name (735),Last Name (735),First.Last@email.735.com,56,STUDENT
736,First Name (736),Last Name (736),First.Last@email.736.com,37,STUDENT
737,First Name (737),Last Name (737),First.Last@email.737.com,26,STUDENT
738,First Name (738),Last Name (738),First.Last@email.738.com,31,STUDENT
739,First Name (739),Last Name (739),First.Last@email.739.com,35,STUDENT
740,First Name (740),Last Name (740),First.Last@email.740.com,40,STUDENT
741,First Name (741),Last Name (741),First.Last@email.741.com,57,STUDENT
742,First Name (742),Last Name (742),First.Last@email.742.com,66,STUDENT
743,First Name (743),Last Name (743),First.Last@email.743.com,30,STUDENT
744,First Name (744),Last Name (744),First.Last@email.744.com,41,STUDENT
745,First Name (745),Last Name (745),First.Last@email.745.com,57,STUDENT
746,First Name (746),Last Name (746),First.Last@email.746.com,27,STUDENT
747,First Name (747),Last Name (747),First.Last@email.747.com,20,STUDENT
748,First Name (748),Last Name (748),First.Last@email.748.com,49,STUDENT
749,First Name (749),Last Name (749),First.Last@email.749.com,33,STUDENT
750,First Name (750),Last Name (750),First.Last@email.750.com,38,STUDENT
751,First Name (751),Last Name (751),First.Last@email.751.com,28,STUDENT
752,First Name (752),Last Name (752),First.Last@email.752.com,62,STUDENT
753,First Name (753),Last Name (753),First.Last@email.753.com,36,STUDENT
754,First Name (754),Last Name (754),First.Last@email.754.com,35,STUDENT
755,First Name (755),Last Name (755),First.Last@email.755.com,18,STUDENT
756,First Name (756),Last Name (756),First.Last@email.756.com,44,STUDENT
757,First Name (757),Last Name (757),First.Last@email.757.com,61,STUDENT
758,First Name (758),Last Name (758),First.Last@email.758.com,66,STUDENT
759,First Name (759),Last Name (759),First.Last@email.759.com,35,STUDENT
760,First Name (760),Last Name (760),First.Last@email.760.com,49,STUDENT
761,First Name (761),Last Name (761),First.Last@email.761.com,54,STUDENT
762,First Name (762),Last Name (762),First.Last@email.762.com,32,STUDENT
763,First Name (763),Last Name (763),First.Last@email.763.com,42,STUDENT
764,First Name (764),Last Name (764),First.Last@email.764.com,44,STUDENT
765,First Name (765),Last Name (765),First.Last@email.765.com,51,STUDENT
766,First Name (766),Last Name (766),First.Last@email.766.com,57,STUDENT
767,First Name (767),Last Name (767),First.Last@email.767.com,55,STUDENT
768,First Name (768),Last Name (768),First.Last@email.768.com,33,STUDENT
769,First Name (769),Last Name (769),First.Last@email.769.com,48,STUDENT
770,First Name (770),Last Name (770),First.Last@email.770.com,38,STUDENT
771,First Name (771),Last Name (771),First.Last@email.771.com,44,STUDENT
772,First Name (772),Last Name (772),First.Last@email.772.com,32,STUDENT
773,First Name (773),Last Name (773),First.Last@email.773.com,19,STUDENT
774,First Name (774),Last Name (774),First.Last@email.774.com,65,STUDENT
775,First Name (775),Last Name (775),First.Last@email.775.com,57,STUDENT
776,First Name (776),Last Name (776),First.Last@email.776.com,26,STUDENT
777,First Name (777),Last Name (777),First.Last@email.777.com,21,STUDENT
778,First Name (778),Last Name (778),First.Last@email.778.com,42,STUDENT
779,First Name (779),Last Name (779),First.Last@email.779.com,65,STUDENT
780,First Name (780),Last Name (780),First.Last@email.780.com,63,STUDENT
781,First Name (781),Last Name (781),First.Last@email.781.com,25,STUDENT
782,First Name (782),Last Name (782),First.Last@email.782.com,56,STUDENT
783,First Name (783),Last Name (783),First.Last@email.783.com,43,STUDENT
784,First Name (784),Last Name (784),First.Last@email.784.com,57,STUDENT
785,First Name (785),Last Name (785),First.Last@email.785.com,61,STUDENT
786,First Name (786),Last Name (786),First.Last@email.786.com,64,STUDENT
787,First Name (787),Last Name (787),First.Last@email.787.com,65,STUDENT
788,First Name (788),Last Name (788),First.Last@email.788.com,44,STUDENT
789,First Name (789),Last Name (789),First.Last@email.789.com,28,STUDENT
790,First Name (790),Last Name (790),First.Last@email.790.com,41,STUDENT
791,First Name (791),Last Name (791),First.Last@email.791.com,38,STUDENT
792,First Name (792),Last Name (792),First.Last@email.792.com,21,STUDENT
793,First Name (793),Last Name (793),First.Last@email.793.com,47,STUDENT
794,First Name (794),Last Name (794),First.Last@email.794.com,31,STUDENT
795,First Name (795),Last Name (795),First.Last@email.795.com,39,STUDENT
796,First Name (796),Last Name (796),First.Last@email.796.com,24,STUDENT
797,First Name (797),Last Name (797),First.Last@email.797.com,57,STUDENT
798,First Name (798),Last Name (798),First.Last@email.798.com,56,STUDENT
799,First Name (799),Last Name (799),First.Last@email.799.com,44,STUDENT
800,First Name (800),Last Name (800),First.Last@email.800.com,64,STUDENT
801,First Name (801),Last Name (801),First.Last@email.801.com,33,STUDENT
802,First Name (802),Last Name (802),First.Last@email.802.com,32,STUDENT
803,First Name (803),Last Name (803),First.Last@email.803.com,45,STUDENT
804,First Name (804),Last Name (804),First.Last@email.804.com,63,STUDENT
805,First Name (805),Last Name (805),First.Last@email.805.com,56,STUDENT
806,First Name (806),Last Name (806),First.Last@email.806.com,54,STUDENT
807,First Name (807),Last Name (807),First.Last@email.807.com,64,STUDENT
808,First Name (808),Last Name (808),First.Last@email.808.com,42,STUDENT
809,First Name (809),Last Name (809),First.Last@email.809.com,27,STUDENT
810,First Name (810),Last Name (810),First.Last@email.810.com,48,STUDENT
811,First Name (811),Last Name (811),First.Last@email.811.com,67,STUDENT
812,First Name (812),Last Name (812),First.Last@email.812.com,65,STUDENT
813,First Name (813),Last Name (813),First.Last@email.813.com,56,STUDENT
814,First Name (814),Last Name (814),First.Last@email.814.com,18,STUDENT
815,First Name (815),Last Name (815),First.Last@email.815.com,41,STUDENT
816,First Name (816),Last Name (816),First.Last@email.816.com,41,STUDENT
817,First Name (817),Last Name (817),First.Last@email.817.com,58,STUDENT
818,First Name (818),Last Name (818),First.Last@email.818.com,44,STUDENT
819,First Name (819),Last Name (819),First.Last@email.819.com,48,STUDENT
820,First Name (820),Last Name (820),First.Last@email.820.com,62,STUDENT
821,First Name (821),Last Name (821),First.Last@email.821.com,53,STUDENT
822,First Name (822),Last Name (822),First.Last@email.822.com,24,STUDENT
823,First Name (823),Last Name (823),First.Last@email.823.com,33,STUDENT
824,First Name (824),Last Name (824),First.Last@email.824.com,38,STUDENT
825,First Name (825),Last Name (825),First.Last@email.825.com,43,STUDENT
826,First Name (826),Last Name (826),First.Last@email.826.com,53,STUDENT
827,First Name (827),Last Name (827),First.Last@email.827.com,30,STUDENT
828,First Name (828),Last Name (828),First.Last@email.828.com,47,STUDENT
829,First Name (829),Last Name (829),First.Last@email.829.com,28,STUDENT
830,First Name (830),Last Name (830),First.Last@email.830.com,29,STUDENT
831,First Name (831),Last Name (831),First.Last@email.831.com,61,STUDENT
832,First Name (832),Last Name (832),First.Last@email.832.com,36,STUDENT
833,First Name (833),Last Name (833),First.Last@email.833.com,38,STUDENT
834,First Name (834),Last Name (834),First.Last@email.834.com,46,STUDENT
835,First Name (835),Last Name (835),First.Last@email.835.com,47,STUDENT
836,First Name (836),Last Name (836),First.Last@email.836.com,52,STUDENT
837,First Name (837),Last Name (837),First.Last@email.837.com,36,STUDENT
838,First Name (838),Last Name (838),First.Last@email.838.com,18,STUDENT
839,First Name (839),Last Name (839),First.Last@email.839.com,29,STUDENT
840,First Name (840),Last Name (840),First.Last@email.840.com,31,STUDENT
841,First Name (841),Last Name (841),First.Last@email.841.com,67,STUDENT
842,First Name (842),Last Name (842),First.Last@email.842.com,30,STUDENT
843,First Name (843),Last Name (843),First.Last@email.843.com,43,STUDENT
844,First Name (844),Last Name (844),First.Last@email.844.com,21,STUDENT
845,First Name (845),Last Name (845),First.Last@email.845.com,60,STUDENT
846,First Name (846),Last Name (846),First.Last@email.846.com,64,STUDENT
847,First Name (847),Last Name (847),First.Last@email.847.com,44,STUDENT
848,First Name (848),Last Name (848),First.Last@email.848.com,21,STUDENT
849,First Name (849),Last Name (849),First.Last@email.849.com,45,STUDENT
850,First Name (850),Last Name (850),First.Last@email.850.com,53,STUDENT
851,First Name (851),Last Name (851),First.Last@email.851.com,60,STUDENT
852,First Name (852),Last Name (852),First.Last@email.852.com,44,STUDENT
853,First Name (853),Last Name (853),First.Last@email.853.com,23,STUDENT
854,First Name (854),Last Name (854),First.Last@email.854.com,45,STUDENT
855,First Name (855),Last Name (855),First.Last@email.855.com,50,STUDENT
856,First Name (856),Last Name (856),First.Last@email.856.com,48,STUDENT
857,First Name (857),Last Name (857),First.Last@email.857.com,52,STUDENT
858,First Name (858),Last Name (858),First.Last@email.858.com,31,STUDENT
859,First Name (859),Last Name (859),First.Last@email.859.com,62,STUDENT
860,First Name (860),Last Name (860),First.Last@email.860.com,47,STUDENT
861,First Name (861),Last Name (861),First.Last@email.861.com,30,STUDENT
862,First Name (862),Last Name (862),First.Last@email.862.com,22,STUDENT
863,First Name (863),Last Name (863),First.Last@email.863.com,60,STUDENT
864,First Name (864),Last Name (864),First.Last@email.864.com,34,STUDENT
865,First Name (865),Last Name (865),First.Last@email.865.com,67,STUDENT
866,First Name (866),Last Name (866),First.Last@email.866.com,26,STUDENT
867,First Name (867),Last Name (867),First.Last@email.867.com,38,STUDENT
868,First Name (868),Last Name (868),First.Last@email.868.com,67,STUDENT
869,First Name (869),Last Name (869),First.Last@email.869.com,41,STUDENT
870,First Name (870),Last Name (870),First.Last@email.870.com,37,STUDENT
871,First Name (871),Last Name (871),First.Last@email.871.com,61,STUDENT
872,First Name (872),Last Name (872),First.Last@email.872.com,52,STUDENT
873,First Name (873),Last Name (873),First.Last@email.873.com,29,STUDENT
874,First Name (874),Last Name (874),First.Last@email.874.com,24,STUDENT
875,First Name (875),Last Name (875),First.Last@email.875.com,34,STUDENT
876,First Name (876),Last Name (876),First.Last@email.876.com,59,STUDENT
877,First Name (877),Last Name (877),First.Last@email.877.com,18,STUDENT
878,First Name (878),Last Name (878),First.Last@email.878.com,56,STUDENT
879,First Name (879),Last Name (879),First.Last@email.879.com,36,STUDENT
880,First Name (880),Last Name (880),First.Last@email.880.com,44,STUDENT
881,First Name (881),Last Name (881),First.Last@email.881.com,56,STUDENT
882,First Name (882),Last Name (882),First.Last@email.882.com,41,STUDENT
883,First Name (883),Last Name (883),First.Last@email.883.com,18,STUDENT
884,First Name (884),Last Name (884),First.Last@email.884.com,23,STUDENT
885,First Name (885),Last Name (885),First.Last@email.885.com,60,STUDENT
886,First Name (886),Last Name (886),First.Last@email.886.com,22,STUDENT
887,First Name (887),Last Name (887),First.Last@email.887.com,56,STUDENT
888,First Name (888),Last Name (888),First.Last@email.888.com,51,STUDENT
889,First Name (889),Last Name (889),First.Last@email.889.com,26,STUDENT
890,First Name (890),Last Name (890),First.Last@email.890.com,56,STUDENT
891,First Name (891),Last Name (891),First.Last@email.891.com,45,STUDENT
892,First Name (892),Last Name (892),First.Last@email.892.com,29,STUDENT
893,First Name (893),Last Name (893),First.Last@email.893.com,37,STUDENT
894,First Name (894),Last Name (894),First.Last@email.894.com,23,STUDENT
895,First Name (895),Last Name (895),First.Last@email.895.com,67,STUDENT
896,First Name (896),Last Name (896),First.Last@email.896.com,37,STUDENT
897,First Name (897),Last Name (897),First.Last@email.897.com,31,STUDENT
898,First Name (898),Last Name (898),First.Last@email.898.com,49,STUDENT
899,First Name (899),Last Name (899),First.Last@email.899.com,27,STUDENT
900,First Name (900),Last Name (900),First.Last@email.900.com,20,STUDENT
901,First Name (901),Last Name (901),First.Last@email.901.com,25,STUDENT
902,First Name (902),Last Name (902),First.Last@email.902.com,47,STUDENT
903,First Name (903),Last Name (903),First.Last@email.903.com,62,STUDENT
904,First Name (904),Last Name (904),First.Last@email.904.com,41,STUDENT
905,First Name (905),Last Name (905),First.Last@email.905.com,25,STUDENT
906,First Name (906),Last Name (906),First.Last@email.906.com,21,STUDENT
907,First Name (907),Last Name (907),First.Last@email.907.com,67,STUDENT
908,First Name (908),Last Name (908),First.Last@email.908.com,32,STUDENT
909,First Name (909),Last Name (909),First.Last@email.909.com,38,STUDENT
910,First Name (910),Last Name (910),First.Last@email.910.com,32,STUDENT
911,First Name (911),Last Name (911),First.Last@email.911.com,37,STUDENT
912,First Name (912),Last Name (912),First.Last@email.912.com,52,STUDENT
913,First Name (913),Last Name (913),First.Last@email.913.com,67,STUDENT
914,First Name (914),Last Name (914),First.Last@email.914.com,36,STUDENT
915,First Name (915),Last Name (915),First.Last@email.915.com,63,STUDENT
916,First Name (916),Last Name (916),First.Last@email.916.com,27,STUDENT
917,First Name (917),Last Name (917),First.Last@email.917.com,38,STUDENT
918,First Name (918),Last Name (918),First.Last@email.918.com,65,STUDENT
919,First Name (919),Last Name (919),First.Last@email.919.com,51,STUDENT
920,First Name (920),Last Name (920),First.Last@email.920.com,18,STUDENT
921,First Name (921),Last Name (921),First.Last@email.921.com,38,STUDENT
922,First Name (922),Last Name (922),First.Last@email.922.com,22,STUDENT
923,First Name (923),Last Name (923),First.Last@email.923.com,37,STUDENT
924,First Name (924),Last Name (924),First.Last@email.924.com,27,STUDENT
925,First Name (925),Last Name (925),First.Last@email.925.com,32,STUDENT
926,First Name (926),Last Name (926),First.Last@email.926.com,59,STUDENT
927,First Name (927),Last Name (927),First.Last@email.927.com,26,STUDENT
928,First Name (928),Last Name (928),First.Last@email.928.com,24,STUDENT
929,First Name (929),Last Name (929),First.Last@email.929.com,57,STUDENT
930,First Name (930),Last Name (930),First.Last@email.930.com,60,STUDENT
931,First Name (931),Last Name (931),First.Last@email.931.com,51,STUDENT
932,First Name (932),Last Name (932),First.Last@email.932.com,49,STUDENT
933,First Name (933),Last Name (933),First.Last@email.933.com,20,STUDENT
934,First Name (934),Last Name (934),First.Last@email.934.com,67,STUDENT
935,First Name (935),Last Name (935),First.Last@email.935.com,19,STUDENT
936,First Name (936),Last Name (936),First.Last@email.936.com,47,STUDENT
937,First Name (937),Last Name (937),First.Last@email.937.com,40,STUDENT
938,First Name (938),Last Name (938),First.Last@email.938.com,39,STUDENT
939,First Name (939),Last Name (939),First.Last@email.939.com,50,STUDENT
940,First Name (940),Last Name (940),First.Last@email.940.com,57,STUDENT
941,First Name (941),Last Name (941),First.Last@email.941.com,50,STUDENT
942,First Name (942),Last Name (942),First.Last@email.942.com,49,STUDENT
943,First Name (943),Last Name (943),First.Last@email.943.com,29,STUDENT
944,First Name (944),Last Name (944),First.Last@email.944.com,48,STUDENT
945,First Name (945),Last Name (945),First.Last@email.945.com,18,STUDENT
946,First Name (946),Last Name (946),First.Last@email.946.com,20,STUDENT
947,First Name (947),Last Name (947),First.Last@email.947.com,32,STUDENT
948,First Name (948),Last Name (948),First.Last@email.948.com,34,STUDENT
949,First Name (949),Last Name (949),First.Last@email.949.com,58,STUDENT
950,First Name (950),Last Name (950),First.Last@email.950.com,38,STUDENT
951,First Name (951),Last Name (951),First.Last@email.951.com,20,STUDENT
952,First Name (952),Last Name (952),First.Last@email.952.com,59,STUDENT
953,First Name (953),Last Name (953),First.Last@email.953.com,63,STUDENT
954,First Name (954),Last Name (954),First.Last@email.954.com,64,STUDENT
955,First Name (955),Last Name (955),First.Last@email.955.com,41,STUDENT
956,First Name (956),Last Name (956),First.Last@email.956.com,50,STUDENT
957,First Name (957),Last Name (957),First.Last@email.957.com,30,STUDENT
958,First Name (958),Last Name (958),First.Last@email.958.com,40,STUDENT
959,First Name (959),Last Name (959),First.Last@email.959.com,53,STUDENT
960,First Name (960),Last Name (960),First.Last@email.960.com,54,STUDENT
961,First Name (961),Last Name (961),First.Last@email.961.com,21,STUDENT
962,First Name (962),Last Name (962),First.Last@email.962.com,23,STUDENT
963,First Name (963),Last Name (963),First.Last@email.963.com,35,STUDENT
964,First Name (964),Last Name (964),First.Last@email.964.com,44,STUDENT
965,First Name (965),Last Name (965),First.Last@email.965.com,64,STUDENT
966,First Name (966),Last Name (966),First.Last@email.966.com,23,STUDENT
967,First Name (967),Last Name (967),First.Last@email.967.com,40,STUDENT
968,First Name (968),Last Name (968),First.Last@email.968.com,31,STUDENT
969,First Name (969),Last Name (969),First.Last@email.969.com,39,STUDENT
970,First Name (970),Last Name (970),First.Last@email.970.com,53,STUDENT
971,First Name (971),Last Name (971),First.Last@email.971.com,64,STUDENT
972,First Name (972),Last Name (972),First.Last@email.972.com,64,STUDENT
973,First Name (973),Last Name (973),First.Last@email.973.com,43,STUDENT
974,First Name (974),Last Name (974),First.Last@email.974.com,55,STUDENT
975,First Name (975),Last Name (975),First.Last@email.975.com,64,STUDENT
976,First Name (976),Last Name (976),First.Last@email.976.com,66,STUDENT
977,First Name (977),Last Name (977),First.Last@email.977.com,49,STUDENT
978,First Name (978),Last Name (978),First.Last@email.978.com,55,STUDENT
979,First Name (979),Last Name (979),First.Last@email.979.com,50,STUDENT
980,First Name (980),Last Name (980),First.Last@email.980.com,22,STUDENT
981,First Name (981),Last Name (981),First.Last@email.981.com,66,STUDENT
982,First Name (982),Last Name (982),First.Last@email.982.com,58,STUDENT
983,First Name (983),Last Name (983),First.Last@email.983.com,29,STUDENT
984,First Name (984),Last Name (984),First.Last@email.984.com,67,STUDENT
985,First Name (985),Last Name (985),First.Last@email.985.com,66,STUDENT
986,First Name (986),Last Name (986),First.Last@email.986.com,67,STUDENT
987,First Name (987),Last Name (987),First.Last@email.987.com,51,STUDENT
988,First Name (988),Last Name (988),First.Last@email.988.com,49,STUDENT
989,First Name (989),Last Name (989),First.Last@email.989.com,41,STUDENT
990,First Name (990),Last Name (990),First.Last@email.990.com,30,STUDENT
991,First Name (991),Last Name (991),First.Last@email.991.com,45,STUDENT
992,First Name (992),Last Name (992),First.Last@email.992.com,59,STUDENT
993,First Name (993),Last Name (993),First.Last@email.993.com,36,STUDENT
994,First Name (994),Last Name (994),First.Last@email.994.com,41,STUDENT
995,First Name (995),Last Name (995),First.Last@email.995.com,50,STUDENT
996,First Name (996),Last Name (996),First.Last@email.996.com,31,STUDENT
997,First Name (997),Last Name (997),First.Last@email.997.com,31,STUDENT
998,First Name (998),Last Name (998),First.Last@email.998.com,47,STUDENT
999,First Name (999),Last Name (999),First.Last@email.999.com,34,STUDENT
1000,First Name (1000),Last Name (1000),First.Last@email.1000.com,57,STUDENT
1001,First Name (1001),Last Name (1001),First.Last@email.1001.com,47,STUDENT
1002,First Name (1002),Last Name (1002),First.Last@email.1002.com,30,STUDENT
1003,First Name (1003),Last Name (1003),First.Last@email.1003.com,21,STUDENT
1004,First Name (1004),Last Name (1004),First.Last@email.1004.com,45,STUDENT
1005,First Name (1005),Last Name (1005),First.Last@email.1005.com,40,STUDENT
1006,First Name (1006),Last Name (1006),First.Last@email.1006.com,31,STUDENT
1007,First Name (1007),Last Name (1007),First.Last@email.1007.com,55,STUDENT
1008,First Name (1008),Last Name (1008),First.Last@email.1008.com,34,STUDENT
1009,First Name (1009),Last Name (1009),First.Last@email.1009.com,49,STUDENT
1010,First Name (1010),Last Name (1010),First.Last@email.1010.com,21,STUDENT
1011,First Name (1011),Last Name (1011),First.Last@email.1011.com,27,STUDENT
1012,First Name (1012),Last Name (1012),First.Last@email.1012.com,49,STUDENT
1013,First Name (1013),Last Name (1013),First.Last@email.1013.com,27,STUDENT
1014,First Name (1014),Last Name (1014),First.Last@email.1014.com,40,STUDENT
1015,First Name (1015),Last Name (1015),First.Last@email.1015.com,59,STUDENT
1016,First Name (1016),Last Name (1016),First.Last@email.1016.com,47,STUDENT
1017,First Name (1017),Last Name (1017),First.Last@email.1017.com,39,STUDENT
1018,First Name (1018),Last Name (1018),First.Last@email.1018.com,45,STUDENT
1019,First Name (1019),Last Name (1019),First.Last@email.1019.com,51,STUDENT
1020,First Name (1020),Last Name (1020),First.Last@email.1020.com,65,STUDENT
1021,First Name (1021),Last Name (1021),First.Last@email.1021.com,56,STUDENT
1022,First Name (1022),Last Name (1022),First.Last@email.1022.com,34,STUDENT
1023,First Name (1023),Last Name (1023),First.Last@email.1023.com,40,STUDENT
1024,First Name (1024),Last Name (1024),First.Last@email.1024.com,24,STUDENT
1025,First Name (1025),Last Name (1025),First.Last@email.1025.com,50,STUDENT
1026,First Name (1026),Last Name (1026),First.Last@email.1026.com,53,STUDENT
1027,First Name (1027),Last Name (1027),First.Last@email.1027.com,29,STUDENT
1028,First Name (1028),Last Name (1028),First.Last@email.1028.com,64,STUDENT
1029,First Name (1029),Last Name (1029),First.Last@email.1029.com,44,STUDENT
1030,First Name (1030),Last Name (1030),First.Last@email.1030.com,67,STUDENT
1031,First Name (1031),Last Name (1031),First.Last@email.1031.com,33,STUDENT
1032,First Name (1032),Last Name (1032),First.Last@email.1032.com,36,STUDENT
1033,First Name (1033),Last Name (1033),First.Last@email.1033.com,46,STUDENT
1034,First Name (1034),Last Name (1034),First.Last@email.1034.com,51,STUDENT
1035,First Name (1035),Last Name (1035),First.Last@email.1035.com,40,STUDENT
1036,First Name (1036),Last Name (1036),First.Last@email.1036.com,40,STUDENT
1037,First Name (1037),Last Name (1037),First.Last@email.1037.com,21,STUDENT
1038,First Name (1038),Last Name (1038),First.Last@email.1038.com,19,STUDENT
1039,First Name (1039),Last Name (1039),First.Last@email.1039.com,20,STUDENT
1040,First Name (1040),Last Name (1040),First.Last@email.1040.com,52,STUDENT
1041,First Name (1041),Last Name (1041),First.Last@email.1041.com,44,STUDENT
1042,First Name (1042),Last Name (1042),First.Last@email.1042.com,47,STUDENT
1043,First Name (1043),Last Name (1043),First.Last@email.1043.com,40,STUDENT
1044,First Name (1044),Last Name (1044),First.Last@email.1044.com,56,STUDENT
1045,First Name (1045),Last Name (1045),First.Last@email.1045.com,37,STUDENT
1046,First Name (1046),Last Name (1046),First.Last@email.1046.com,40,STUDENT
1047,First Name (1047),Last Name (1047),First.Last@email.1047.com,42,STUDENT
1048,First Name (1048),Last Name (1048),First.Last@email.1048.com,38,STUDENT
1049,First Name (1049),Last Name (1049),First.Last@email.1049.com,42,STUDENT
1050,First Name (1050),Last Name (1050),First.Last@email.1050.com,55,STUDENT
1051,First Name (1051),Last Name (1051),First.Last@email.1051.com,33,STUDENT
1052,First Name (1052),Last Name (1052),First.Last@email.1052.com,51,STUDENT
1053,First Name (1053),Last Name (1053),First.Last@email.1053.com,29,STUDENT
1054,First Name (1054),Last Name (1054),First.Last@email.1054.com,26,STUDENT
1055,First Name (1055),Last Name (1055),First.Last@email.1055.com,19,STUDENT
1056,First Name (1056),Last Name (1056),First.Last@email.1056.com,41,STUDENT
1057,First Name (1057),Last Name (1057),First.Last@email.1057.com,43,STUDENT
1058,First Name (1058),Last Name (1058),First.Last@email.1058.com,27,STUDENT
1059,First Name (1059),Last Name (1059),First.Last@email.1059.com,51,STUDENT
1060,First Name (1060),Last Name (1060),First.Last@email.1060.com,31,STUDENT
1061,First Name (1061),Last Name (1061),First.Last@email.1061.com,66,STUDENT
1062,First Name (1062),Last Name (1062),First.Last@email.1062.com,22,STUDENT
1063,First Name (1063),Last Name (1063),First.Last@email.1063.com,35,STUDENT
1064,First Name (1064),Last Name (1064),First.Last@email.1064.com,55,STUDENT
1065,First Name (1065),Last Name (1065),First.Last@email.1065.com,30,STUDENT
1066,First Name (1066),Last Name (1066),First.Last@email.1066.com,43,STUDENT
1067,First Name (1067),Last Name (1067),First.Last@email.1067.com,21,STUDENT
1068,First Name (1068),Last Name (1068),First.Last@email.1068.com,65,STUDENT
1069,First Name (1069),Last Name (1069),First.Last@email.1069.com,40,STUDENT
1070,First Name (1070),Last Name (1070),First.Last@email.1070.com,63,STUDENT
1071,First Name (1071),Last Name (1071),First.Last@email.1071.com,52,STUDENT
1072,First Name (1072),Last Name (1072),First.Last@email.1072.com,22,STUDENT
1073,First Name (1073),Last Name (1073),First.Last@email.1073.com,49,STUDENT
1074,First Name (1074),Last Name (1074),First.Last@email.1074.com,65,STUDENT
1075,First Name (1075),Last Name (1075),First.Last@email.1075.com,67,STUDENT
1076,First Name (1076),Last Name (1076),First.Last@email.1076.com,37,STUDENT
1077,First Name (1077),Last Name (1077),First.Last@email.1077.com,64,STUDENT
1078,First Name (1078),Last Name (1078),First.Last@email.1078.com,52,STUDENT
1079,First Name (1079),Last Name (1079),First.Last@email.1079.com,48,STUDENT
1080,First Name (1080),Last Name (1080),First.Last@email.1080.com,63,STUDENT
1081,First Name (1081),Last Name (1081),First.Last@email.1081.com,52,STUDENT
1082,First Name (1082),Last Name (1082),First.Last@email.1082.com,58,STUDENT
1083,First Name (1083),Last Name (1083),First.Last@email.1083.com,63,STUDENT
1084,First Name (1084),Last Name (1084),First.Last@email.1084.com,59,STUDENT
1085,First Name (1085),Last Name (1085),First.Last@email.1085.com,66,STUDENT
1086,First Name (1086),Last Name (1086),First.Last@email.1086.com,46,STUDENT
1087,First Name (1087),Last Name (1087),First.Last@email.1087.com,26,STUDENT
1088,First Name (1088),Last Name (1088),First.Last@email.1088.com,24,STUDENT
1089,First Name (1089),Last Name (1089),First.Last@email.1089.com,54,STUDENT
1090,First Name (1090),Last Name (1090),First.Last@email.1090.com,54,STUDENT
1091,First Name (1091),Last Name (1091),First.Last@email.1091.com,47,STUDENT
1092,First Name (1092),Last Name (1092),First.Last@email.1092.com,47,STUDENT
1093,First Name (1093),Last Name (1093),First.Last@email.1093.com,50,STUDENT
1094,First Name (1094),Last Name (1094),First.Last@email.1094.com,22,STUDENT
1095,First Name (1095),Last Name (1095),First.Last@email.1095.com,38,STUDENT
1096,First Name (1096),Last Name (1096),First.Last@email.1096.com,23,STUDENT
1097,First Name (1097),Last Name (1097),First.Last@email.1097.com,31,STUDENT
1098,First Name (1098),Last Name (1098),First.Last@email.1098.com,60,STUDENT
1099,First Name (1099),Last Name (1099),First.Last@email.1099.com,39,STUDENT
